<?xml version="1.0"?>
<openerp>  
<data>

	<record id="gff_view_invoice_customer_inherit" model="ir.ui.view">
            <field name="name">gff.account.invoice.customer.drs</field>
            <field name="model">account.invoice</field>
            <field name="inherit_id" ref="account.invoice_form"/>
            <field name="arch" type="xml">
               	<field name="move_id" position="before">
               		<field name="drs_id" />
               	</field>
               
            </field>
        </record>
	
	</data>
</openerp>