<?xml version="1.0"?>
<openerp>
	<data>
		
		<record id="delivery_dispatch_planning_form_inherit_gff" model="ir.ui.view">
            <field name="name">stock.dispatch.planning.form</field>
            <field name="model">stock.dispatch.planning</field>
            <field name="inherit_id" ref="gff_dispatch_planning.dispatch_planning_form" />
            <field name="arch" type="xml">
				<xpath expr="//form/header/button[@name='button_confirm_planning']" position="before">
					<button type="object" name="view_delivery_fulfillment" class="oe_highlight"
							string="View Fulfillment" states="confirmed"/>
				</xpath>
            </field>
        </record>
		
		
	</data>
</openerp>