<?xml version="1.0"?>
<openerp>
	<data>
		
		<record id="drs_view_inherit_gff" model="ir.ui.view">
            <field name="name">driver.run.sheet.form</field>
            <field name="model">driver.run.sheet</field>
            <field name="inherit_id" ref="gff_dispatch_planning.driver_run_sheet_form" />
            <field name="arch" type="xml">
				<xpath expr="//field[@name='drs_line_ids']/tree/field[@name='pack_qty']" position="replace">
					<field name="pack_numbers"/>
				</xpath>
				<xpath expr="//field[@name='drs_line_ids']/form/sheet/group/group/field[@name='pack_qty']" position="replace">
					<field name="pack_numbers"/>
				</xpath>
            </field>
        </record>
		
		
	</data>
</openerp>