<?xml version="1.0" encoding="utf-8"?>
<openerp>
    <data>
    
    	<record id="view_stock_config_settings_inherit_gff" model="ir.ui.view">
            <field name="name">stock settings</field>
            <field name="model">stock.config.settings</field>
            <field name="inherit_id" ref="stock.view_stock_config_settings" />
            <field name="arch" type="xml">
				<xpath expr="//form/group[4]" position="after">
					<separator string="Delivery Fullfilment"/>
                    <group>
                    	<label for="consider_for_backorder" string="Delivery Fullfilment"/>  
                        <div>
                            <div>
                                <field name="consider_for_backorder" class="oe_inline"/>
                                <label for="consider_for_backorder"/>  
                            </div>
                            <div>
                                <field name="allow_negative_qty" class="oe_inline"/>
                                <label for="allow_negative_qty"/>
                            </div>
                            
                        </div>
                    </group>
				</xpath>
            </field>
        </record>
    
    </data>
</openerp>