<?xml version="1.0"?>
<openerp>  
<data>


	        <record id="view_picking_out_form_inherit" model="ir.ui.view">
            <field name="name">stock.picking.out.form.drs</field>
            <field name="model">stock.picking.out</field>
            <field name="inherit_id" ref="stock.view_picking_out_form"/>
            <field name="arch" type="xml">
            	<field name="date_done" position="before">
            		<field name="drs_id"/>
            	</field>
            	</field>
            	</record>
            	
	</data>
</openerp>