id,name,model_id:id,group_id:id,perm_read,perm_write,perm_create,perm_unlink
access_r3x_customer_statement_followup_followup_line,r3x_customer_statement.followup.line,model_r3x_customer_statement_followup_line,account.group_account_invoice,1,0,0,0
access_r3x_customer_statement_followup_followup_accountant,r3x_customer_statement.followup user,model_r3x_customer_statement_followup,account.group_account_invoice,1,0,0,0
access_r3x_customer_statement_followup_followup_manager,r3x_customer_statement.followup.manager,model_r3x_customer_statement_followup,account.group_account_manager,1,1,1,1
access_r3x_customer_statement_followup_stat_by_partner_manager,r3x_customer_statement.stat.by.partner,model_r3x_customer_statement_stat_by_partner,account.group_account_user,1,1,0,0
access_account_payment_display_credit_new,account_payment_display_credit,model_account_payment_display_credit,account.group_account_user,1,1,1,1