<?xml version="1.0" encoding="utf-8"?>
<openerp>
    <data noupdate="1">

    <record id="r3x_customer_statement_followup_comp_rule" model="ir.rule">
        <field name="name">Customer Statement multi company rule</field>
        <field model="ir.model" name="model_id" ref="model_r3x_customer_statement_followup"/>
        <field eval="True" name="global"/>
        <field name="domain_force">['|',('company_id','=',False),('company_id','child_of',[user.company_id.id])]</field>
    </record>
     
    <record id="r3x_customer_statement_stat_by_partner_comp_rule" model="ir.rule">
        <field name="name">Customer Statement Statistics by Partner Rule</field>
        <field ref="model_r3x_customer_statement_stat_by_partner" name="model_id"/>
        <field eval="True" name="global"/>
        <field name="domain_force">['|',('company_id','=',False),('company_id','child_of',[user.company_id.id])]</field>
    </record>
    </data>
</openerp>
